J,M,QS,syn,src,lJ,lM,lQS
0.0513,0.149,2.51,1,Postema,-1.2898826348881838,-0.826813731587726,0.3996737214810381
0.0578,0.148,3.32,1,Postema,-1.238072161579471,-0.8297382846050426,0.5211380837040362
0.0611,0.14,5.64,1,Postema,-1.2139587897574458,-0.8538719643217619,0.7512791039833423
0.0715,0.149,2.54,1,Postema,-1.1456939581989194,-0.826813731587726,0.40483371661993806
0.0846,0.149,3.24,1,Postema,-1.0726296369609765,-0.826813731587726,0.5105450102066121
0.0445,0.124,5.15,0,Postema,-1.3516399890190685,-0.906578314837765,0.7118072290411911
0.0979,0.149,2.92,0,Postema,-1.009217308196862,-0.826813731587726,0.4653828514484183
0.115,0.149,3.86,1,Postema,-0.9393021596463883,-0.826813731587726,0.5865873046717549
0.123,0.149,5.06,0,Postema,-0.9100948885606021,-0.826813731587726,0.7041505168397991
0.123,0.148,5.58,0,Postema,-0.9100948885606021,-0.8297382846050426,0.7466341989375788
0.734,0.747,7.68,1,Postema,-0.13430394008392949,-0.12667939818460122,0.885361220031512
0.833,0.743,10.2,1,Postema,-0.07935499859321243,-0.1290111862394247,1.0086001717619175
0.865,0.703,17.3,1,Postema,-0.06298389253518578,-0.15304467498017607,1.2380461031287955
0.98,0.744,7.53,1,Postema,-0.00877392430750515,-0.1284270644541213,0.8767949762007006
1.18,0.741,9.95,1,Postema,0.07188200730612536,-0.13018179202067184,0.9978230807457255
0.512,0.526,15.8,1,Postema,-0.2907300390241692,-0.27901425584626094,1.1986570869544226
1.48,0.748,8.98,1,Postema,0.17026171539495738,-0.12609840213553863,0.9532763366673044
1.73,0.747,11.9,1,Postema,0.2380461031287954,-0.12667939818460122,1.0755469613925308
1.83,0.749,15.6,1,Postema,0.26245108973042947,-0.12551818230053352,1.1931245983544616
1.62,0.733,17.2,1,Postema,0.20951501454263097,-0.13489602535887207,1.235528446907549
1.97,1.36,11.8,1,Postema,0.2944662261615929,0.13353890837021754,1.0718820073061255
2.23,1.35,15.8,1,Postema,0.34830486304816066,0.13033376849500614,1.1986570869544226
2.29,1.28,26.5,1,Postema,0.359835482339888,0.10720996964786837,1.423245873936808
2.67,1.35,11.5,1,Postema,0.42651126136457523,0.13033376849500614,1.0606978403536116
3.22,1.35,15.2,1,Postema,0.5078558716958309,0.13033376849500614,1.1818435879447726
1.37,0.937,24.2,1,Postema,0.1367205671564068,-0.02826040911222171,1.3838153659804313
3.97,1.36,13.8,1,Postema,0.5987905067631151,0.13353890837021754,1.1398790864012365
4.26,1.35,18.2,1,Postema,0.6294095991027189,0.13033376849500614,1.2600713879850747
4.68,1.35,24.0,1,Postema,0.670245853074124,0.13033376849500614,1.380211241711606
4.43,1.33,26.4,1,Postema,0.6464037262230695,0.12385164096708581,1.421603926869831
4.86,1.93,14.9,1,Postema,0.6866362692622934,0.28555730900777376,1.173186268412274
5.89,1.93,19.7,1,Postema,0.7701152947871016,0.28555730900777376,1.294466226161593
7.25,1.94,17.9,0,Postema,0.8603380065709937,0.287801729930226,1.252853030979893
8.55,1.93,31.1,0,Postema,0.9319661147281727,0.28555730900777376,1.4927603890268375
0.035,0.133,1.7,0,Postema,-1.4559319556497243,-0.8761483590329142,0.2304489213782739
0.0386,0.132,2.24,0,Postema,-1.413412695328245,-0.8794260687941501,0.35024801833416286
0.0402,0.126,3.82,1,Postema,-1.39577394691553,-0.8996294548824371,0.5820633629117087
0.051,0.133,1.65,0,Postema,-1.2924298239020637,-0.8761483590329142,0.21748394421390627
0.0559,0.132,2.18,0,Postema,-1.2525881921135766,-0.8794260687941501,0.33845649360460484
0.0467,0.124,3.71,0,Postema,-1.330683119433888,-0.906578314837765,0.5693739096150459
0.0727,0.133,1.98,0,Postema,-1.138465589140962,-0.8761483590329142,0.2966651902615311
0.0772,0.131,3.46,0,Postema,-1.1123826996642638,-0.8827287043442357,0.5390760987927766
0.504,0.664,5.21,1,Postema,-0.2975694635544747,-0.1778319206319825,0.7168377232995244
0.561,0.661,6.88,1,Postema,-0.25103713874383854,-0.17979854051435976,0.8375884382355113
0.578,0.632,11.7,1,Postema,-0.23807216157947098,-0.19928292171761497,1.0681858617461617
0.724,0.664,5.08,1,Postema,-0.1402614338028531,-0.1778319206319825,0.7058637122839193
0.832,0.662,6.72,1,Postema,-0.07987667370927608,-0.17914201056030005,0.8273692730538252
0.434,0.578,11.4,1,Postema,-0.3625102704874893,-0.23807216157947098,1.0569048513364727
1.03,0.665,6.13,1,Postema,0.012837224705172217,-0.17717835469689538,0.787460474518415
1.05,0.656,8.11,1,Postema,0.021189299069938092,-0.1830961606243397,0.909020854211156
0.98,0.651,10.8,1,Postema,-0.00877392430750515,-0.18641901143180803,1.0334237554869496
1.35,1.21,7.97,1,Postema,0.13033376849500614,0.08278537031645007,0.9014583213961124
1.51,1.2,10.5,1,Postema,0.17897694729316943,0.07918124604762482,1.021189299069938
1.56,1.15,17.9,1,Postema,0.1931245983544616,0.06069784035361165,1.252853030979893
1.93,1.21,7.8,1,Postema,0.28555730900777376,0.08278537031645007,0.8920946026904804
2.22,1.2,10.3,1,Postema,0.3463529744506387,0.07918124604762482,1.0128372247051722
0.91,0.998,17.5,1,Postema,-0.040958607678906384,-0.0008694587126288914,1.2430380486862944
2.73,1.21,9.43,1,Postema,0.436162647040756,0.08278537031645007,0.9745116927373284
2.98,1.2,12.5,1,Postema,0.4742162640762552,0.07918124604762482,1.0969100130080565
3.22,1.21,16.6,1,Postema,0.5078558716958309,0.08278537031645007,1.2201080880400552
3.56,1.72,10.1,1,Postema,0.5514499979728752,0.2355284469075489,1.0043213737826426
4.01,1.72,13.6,1,Postema,0.6031443726201823,0.2355284469075489,1.1335389083702174
1.33,1.39,22.7,1,Postema,0.12385164096708581,0.14301480025409505,1.3560258571931227
5.05,1.73,12.2,1,Postema,0.7032913781186614,0.2380461031287954,1.0863598306747482
5.37,1.71,21.5,1,Postema,0.7299742856995556,0.23299611039215382,1.3324384599156054
0.0258,0.116,0.8,0,Postema,-1.58838029403677,-0.9355420107730815,-0.09691001300805639
0.0271,0.115,1.06,0,Postema,-1.5670307091255944,-0.9393021596463883,0.02530586526477026
0.0243,0.111,1.81,0,Postema,-1.6143937264016879,-0.9546770212133425,0.2576785748691845
0.0343,0.116,0.95,0,Postema,-1.4647058799572295,-0.9355420107730815,-0.022276394711152253
0.0368,0.115,1.66,0,Postema,-1.4341521813264824,-0.9393021596463883,0.22010808804005508
0.369,0.581,2.49,1,Postema,-0.4329736338409396,-0.2358238676096693,0.3961993470957364
0.38,0.575,3.29,1,Postema,-0.42021640338318983,-0.24033215531036956,0.5171958979499743
0.335,0.553,5.59,1,Postema,-0.47495519296315475,-0.2572748686953017,0.7474118078864233
0.516,0.581,2.96,1,Postema,-0.28735029837278864,-0.2358238676096693,0.4712917110589386
0.535,0.576,5.19,0,Postema,-0.27164621797877153,-0.239577516576788,0.7151673578484579
0.999,1.06,3.82,1,Postema,-0.0004345117740176917,0.02530586526477026,0.5820633629117087
1.04,1.05,5.06,1,Postema,0.01703333929878037,0.021189299069938092,0.7041505168397991
0.827,1.0,8.6,1,Postema,-0.08249449044745336,0.0,0.9344984512435677
1.41,1.06,4.58,1,Postema,0.14921911265537988,0.02530586526477026,0.6608654780038692
1.34,1.04,8.04,1,Postema,0.12710479836480765,0.01703333929878037,0.9052560487484512
1.79,1.51,4.95,1,Postema,0.2528530309798932,0.17897694729316943,0.6946051989335688
1.83,1.49,6.55,1,Postema,0.26245108973042947,0.17318626841227402,0.8162412999917831
1.57,1.43,11.1,1,Postema,0.19589965240923377,0.1553360374650618,1.0453229787866574
2.51,1.51,5.95,1,Postema,0.3996737214810381,0.17897694729316943,0.7745169657285496
2.4,1.49,10.5,1,Postema,0.38021124171160603,0.17318626841227402,1.021189299069938
0.08416828537899093,1.0142782189327813,1.7748623076550527,0,TM,-1.0748515198958315,0.0061570993502938634,0.24916466649244792
0.09683716843748591,1.0132019197772866,2.27384866486338,0,TM,-1.0139579180113232,0.005696004004309967,0.3567615570087863
0.1345703352187231,1.004528132317244,2.6078973405649815,0,TM,-0.8710506657487999,0.0019621038906980437,0.41629049146798786
0.15327239127619674,1.00335967019562,3.2001205038744414,0,TM,-0.8145360669084042,0.00145664067867746,0.5051663324393925
0.16763132167832484,1.0016772579958222,3.8544985868614843,0,TM,-0.7756448308063021,0.0007278136971227131,0.5859678907858517
0.18356259391495042,1.0003576450814835,4.567616145005498,0,TM,-0.7362158139377725,0.00015529551668429033,0.6596895993729446
0.1950186343524941,0.9982720889473592,5.335466983091443,0,TM,-0.7099238890999964,-0.0007510713146274381,0.7271724367509617
0.2066148459220057,0.9961810452300236,6.153608632043548,0,TM,-0.6848384762802718,-0.0016617260349970596,0.7891298717702702
0.2144505654621523,0.993816530153024,7.017300327862998,0,TM,-0.6686728042779334,-0.0026937839091223464,0.84617006395115
0.22030322322827423,0.9911145810354324,7.921611767022406,0,TM,-0.6569791486957463,-0.003876134581461191,0.8988135541031814
0.18020966123764873,0.9987189883503428,2.91065552496419,0,TM,-0.7442219297291763,-0.0005566929319415932,0.4639908098841481
0.1946782790974704,0.9971074838918796,3.5092058860949136,0,TM,-0.7106825014555284,-0.0012580240904373546,0.5452088491421269
0.21353477293704218,0.9961641988962628,4.172455085634022,0,TM,-0.6705313924656683,-0.0016690704145059228,0.6203916704162841
0.22837148844805777,0.994735545921357,4.897237528780174,0,TM,-0.6413581175128872,-0.0022923626839133683,0.6899511689430251
0.24401634162895625,0.9930221962734456,5.6796792238700196,0,TM,-0.6125810882447456,-0.0030410439403280374,0.7543238083805427
0.25438882564498555,0.9905565110385092,6.515388366433305,0,TM,-0.5945019695460542,-0.004120743010736936,0.8139403080565811
0.2627989267357633,0.988074842832591,7.39960728432066,0,TM,-0.580376412756425,-0.005210158045819499,0.8692086712474242
0.27325503409930946,0.9857407016506612,8.327350916453542,0,TM,-0.56343182842158,-0.006237310872395385,0.920506866311742
0.27655337006005554,0.982635076200326,9.293521157760646,0,TM,-0.5582210448803404,-0.007607737322753821,0.9681802919969897
0.2737425461844701,0.9790944300013404,10.292976123083728,0,TM,-0.5626576975217834,-0.00917542009594966,1.0125409653314552
0.2756070327239988,0.9757319746460824,11.32060875065275,0,TM,-0.55970970463721,-0.010669462987066405,1.0538697810873194
0.2747994315250906,0.9722527103966934,12.37140201823679,0,TM,-0.5609841700323256,-0.012220837474730515,1.0924189198619894
0.7959782177105412,1.0301763116767657,3.389932437693539,0,TM,-0.0990988167567424,0.012911559302718445,0.5301910426782223
0.7664890661334304,1.0274359495065013,3.4755606920176856,0,TM,-0.11549403591956739,0.01175475741630886,0.5410248767841505
0.7448505911013609,1.0254227068447226,3.6298422532138854,0,TM,-0.1279308332485518,0.010902930178866666,0.5598877517448291
0.7269628605131893,1.0236282777183852,3.873606204977626,0,TM,-0.13848777605456797,0.010142274760502163,0.5881154677774865
0.7094178317222828,1.0214691765812025,4.214958224182071,0,TM,-0.14909789942587306,0.009225266080882574,0.6247932745486345
0.6808260990762373,1.0181939409393934,4.656100763015381,0,TM,-0.16696380417561965,0.007830508312774499,0.6680223703420127
0.12454409742709992,0.9943933290271036,2.8833618666324927,0,TM,-0.9046768503481415,-0.002441797858402537,0.4598991504768493
0.13799788638442712,0.992753013324176,3.6203463371539097,0,TM,-0.8601275653278199,-0.00315878603887097,0.5587501189088736
0.15006308302046456,0.9909602154953536,4.445011969091478,0,TM,-0.8237261352880855,-0.003943780971501666,0.6478729347333155
2.034365250970323,1.0451448640285452,7.188983632802684,0,TM,0.3084289290391001,0.01917649072257232,0.8566674948521011
1.9317178782818147,1.0394223477095867,7.226075942139852,0,TM,0.2859436992781673,0.016792049972526063,0.8589025214554983
1.7849098336857865,1.0311181538923992,7.521747454133895,0,TM,0.25161628222873356,0.013308433123873977,0.8763187477094433
1.6332043132193421,1.014553591531226,8.071754997397143,0,TM,0.21304051820472267,0.0062749926128989894,0.906967971254958
1.5268132692484782,1.00334941869907,8.868736144813287,0,TM,0.18378592566555438,0.0014522033953585833,0.947861734325345
1.4139051057089034,0.9927015699176286,9.90591569591129,0,TM,0.15042026274947246,-0.0031812913006759097,0.9958946276080439
1.9826552126560313,1.0378171747752964,12.872875470192447,0,TM,0.2972471961719572,0.016120853532179107,1.1096755679884607
2.078613670601097,1.0544836032304006,15.170011346822609,0,TM,0.31777377922229777,0.023039831034327163,1.1809859056292225
2.0758440895086925,1.0528296139002111,16.410753175199066,1,TM,0.317194731831155,0.02235809223926565,1.2151285135531897
2.0742197702491185,1.0507700154191877,18.177616601534144,1,TM,0.31685476938665164,0.02150767134301452,1.2595369391357596
2.2947666935138566,1.0465139747917689,6.746555194766784,1,TM,0.3607385378601702,0.01974503213426376,0.8290820777518118
2.189608338783817,1.0411022582641665,6.358297499221822,1,TM,0.3403664383484052,0.017493388510319608,0.8033408443160504
2.123441747241985,1.0385085163563772,6.2402987017632805,1,TM,0.3270403514117595,0.01641006234575939,0.7952053783719661
2.098003205095815,1.0355939872923527,6.3932309069015965,1,TM,0.32180614732482365,0.015189520235861545,0.8057203903062592
2.319552134012098,1.0493942163530097,9.782412594281936,1,TM,0.36540413812200306,0.020938666291808468,0.9904459761750048
2.3049742445047103,1.0480487403176793,9.949943257482866,1,TM,0.36266607700029807,0.020381480318316325,0.9978206040590574
2.2848554519372195,1.0455956986682948,10.497309515713898,1,TM,0.3588587302650711,0.019363787992087413,1.0210780026693567
2.2290831467780174,1.0407197664585344,11.405520186053327,0,TM,0.3481262683516606,0.017333803223531705,1.0571150974847123
2.1847113591645613,1.033296642092475,12.657255569001226,1,TM,0.3393940667514818,0.014225018063304368,1.102339549247978
1.8599089931521964,1.0051470442471224,14.23900834144798,0,TM,0.26949169435836484,0.0022295998995679636,1.153479744438932
2.2992240756603026,1.0506460998521172,12.128333595605252,1,TM,0.3615812984030916,0.02145645269415016,1.0838011339293083
2.290099053494204,1.0490392113746687,12.945360026387023,1,TM,0.3598542672549958,0.020791721716321515,1.1121141332026372
2.297379024960674,1.0467644556357008,14.204982614820924,1,TM,0.3612326516467047,0.019848967136201424,1.1524407065354094
2.2749120993965133,1.0422993989725633,15.88055716167124,1,TM,0.35696462056035755,0.01799248733663878,1.2008657353703318
2.238621356043643,1.0338790865627336,17.95224325616927,1,TM,0.3499806425351979,0.014469750451205179,1.2541187243853502
2.3100629643109922,1.0537399112093129,12.840166309714794,1,TM,0.3636238174160195,0.022733429599964303,1.1085706488826526
2.3117128158206715,1.053892985578597,13.289130309439306,1,TM,0.36393388067790644,0.02279651397686801,1.1234965600119333
2.309030775686893,1.0526133546316174,14.295986150364941,1,TM,0.36342972140653196,0.02226887566228426,1.155214118762907
2.307650915337623,1.050645250922987,15.812506656449678,1,TM,0.36317011253876236,0.02145610178113984,1.199000721341
2.299680783399942,1.0471850511708023,17.802146143992964,1,TM,0.3616675561787571,0.020023433924316932,1.2504723619891713
2.2845089868661055,1.041092687328394,20.238909039589892,1,TM,0.3587928708350079,0.017489395988292394,1.3061870985405042
2.3099548850019396,1.054605575956479,13.11347465758968,1,TM,0.3636034979068449,0.023090063222193223,1.1177177812917665
2.3132589300216377,1.0550720599392645,13.601576639537026,1,TM,0.36422424737754683,0.023282122349592274,1.1335892529411018
2.3106229661800834,1.0535912184861305,14.684997040727183,1,TM,0.36372908564954637,0.022672142193942084,1.1668738633412172
2.3125825990224804,1.0519378983424676,16.307333963377527,1,TM,0.3640972534798429,0.021990101791795228,1.2123829653545113
2.2986205289344723,1.0476662912383663,18.42707683735501,1,TM,0.36146728105946824,0.020222970669726274,1.2654564467711544
2.287053938679752,1.042583242770422,21.015268475565698,1,TM,0.3592764072804434,0.01811074031973338,1.3225349426027893
2.3114154882177864,1.035877347133645,6.07211261353254,0,TM,0.3638780190496165,0.0153083358952324,0.7833398173970167
2.1177745177207954,1.0300876493546969,5.521767263336534,1,TM,0.32587971831982265,0.012874180056195379,0.7420780976348672
2.317721573553668,1.039818194183807,8.78594695719749,1,TM,0.36506126323588894,0.01695741221710324,0.9437885770005545
2.5419719224151778,1.0478611032786913,8.789981401455261,1,TM,0.4051707492048116,0.02030371959678547,0.9439879561597905
2.571963691816274,1.0481442128966956,9.18530228437929,1,TM,0.41026483339870834,0.020421040812215466,0.9630934533231201
2.539079822461439,1.0451896615855791,9.946604516764722,0,TM,0.4046763542449766,0.01919510528554026,0.9976748504639656
2.512546065670553,1.0407732393955098,11.05341162268877,1,TM,0.40011403296909337,0.01735611701598682,1.0434963432003088
2.3108691602608564,1.027049630460354,12.491278198087338,0,TM,0.3637753567359976,0.011591430660833651,1.0966068808059592
2.54968249769964,1.0519775720120113,10.609265768322144,1,TM,0.4064861027546964,0.022006480829835934,1.0256853288777843
2.5680624615414334,1.051860629269958,10.773903448914426,1,TM,0.40960558262613,0.02195819994246185,1.0323730792671506
2.562717933422748,1.0504338481887665,11.426792530768148,1,TM,0.4087008080183111,0.021368707602329624,1.0579243422348554
2.5528407291115505,1.048051175748605,12.52879015955207,1,TM,0.4070237201604204,0.020382489520410205,1.0979091354475747
2.476128833748859,1.0427729984721348,14.050176338462943,1,TM,0.3937732374121324,0.018189777035629823,1.147681774941513
2.500771179559836,1.038898912234892,15.970061945200804,1,TM,0.39807395562462655,0.01657329154717568,1.2033066006974507
2.582584759243929,1.0560970175954705,11.84797449487131,1,TM,0.4120545837706981,0.023703816181682425,1.0736441106086474
2.580405928178683,1.0557405580242412,11.469649581436832,1,TM,0.41168803096357637,0.02355720601803738,1.0595501496211388
2.570764314033508,1.0544438217136192,11.729845827992069,1,TM,0.4100622626379667,0.023023446503482137,1.0692923039746658
2.561184110769102,1.0530518954871226,12.561982306799784,1,TM,0.40844079885777346,0.02244977419435434,1.099058177376872
2.5521182435227905,1.0515799494539613,13.910744577344014,1,TM,0.40690079203965385,0.021842296791000904,1.1433503763743302
2.5522618961096653,1.049400276644172,15.736418741186354,1,TM,0.40692523674169434,0.02094117435157256,1.1969059035055214
2.544414250121187,1.0450405401100198,18.011947155363917,1,TM,0.4055878191996008,0.019133138298338532,1.2555606641310286
2.581761128547279,1.0567661863664035,12.039984521099361,1,TM,0.4119160577008004,0.023978908590741515,1.0806259285824822
2.583587989582894,1.056522687038598,11.643911564718119,1,TM,0.41222325695564577,0.02387882722826247,1.0660988983211552
2.569803778858483,1.0553060826482714,11.937928947664176,1,TM,0.4098999634043006,0.023378441364206175,1.0769289897232543
2.5619043098561916,1.0542608416375965,12.841644872312914,1,TM,0.4085629043011213,0.02294807583740882,1.108620655603259
2.5640701382263535,1.0530027617772668,14.291211391000912,1,TM,0.40892990081092095,0.02242951023871949,1.1550690432156803
2.5474824966081178,1.0498782998614442,16.241979924499226,1,TM,0.4061112087127628,0.021138959296738546,1.2106389693554434
2.5428224559967716,1.0455972161385445,18.6639783836007,1,TM,0.4053160380865697,0.0193644182820537,1.2710042227912486
2.752118941581104,1.0471485062148391,8.374232936305667,1,TM,0.4396671993876358,0.020008277529900347,0.9229450369881239
2.609100750916535,1.0390238444698698,7.793403059332595,1,TM,0.4164908497871783,0.0166255142586822,0.8917271376683397
2.80537663773944,1.04845225048465,7.6457554474156595,1,TM,0.44799117600615873,0.020548656238423203,0.8834204028202776
2.7192453214209573,1.0442310903465997,7.898483313614993,1,TM,0.4344483899829934,0.018796619505764396,0.8975437049910436
2.804852257392796,1.0473304682371452,8.518593556096443,1,TM,0.44790999019506755,0.020083737922070632,0.9303678974372466
2.7842750043713003,1.0517483440561837,9.994666250051836,1,TM,0.44471212856156156,0.02191183690692992,0.9997682963850143
2.7804398612370647,1.0503692939433844,9.440572518663393,1,TM,0.44411350606088007,0.021342017283756277,0.9749983326621338
2.7009841313842373,1.0464838751248453,9.438499744493608,1,TM,0.4315220326611622,0.019732540846464818,0.9749029684010898
2.7336756309438526,1.0471718312004346,9.934558481439025,1,TM,0.4367469813186569,0.020017951229146843,0.9971485706571526
2.7969837875423473,1.0494082141757763,10.882353084403993,1,TM,0.4466899490310543,0.020944459287945586,1.036722812740684
2.7955270733917716,1.0473201144570825,12.249330570790619,1,TM,0.44646370255703044,0.020079444519070403,1.0881123550388587
2.8817829325171327,1.0434372355536985,14.014281885840967,1,TM,0.4596612649025492,0.018466330667897244,1.1465708487244217
2.7520022558586454,1.05178824141282,10.696896856539041,1,TM,0.439648785561497,0.021928311259647542,1.029257808195322
2.577316565143916,1.045485974154018,10.11641385933842,1,TM,0.41116776509786235,0.01931821086160699,1.0050265878877114
2.716524245527392,1.0506661505182533,10.198987053747205,1,TM,0.4340135855529781,0.02146474074716095,1.0085570405057178
2.828582924152792,1.0545029899067944,10.863354350024036,1,TM,0.45156891525746884,0.023047815463064548,1.0359639459502044
2.742562233774016,1.0497369489777866,12.046705940430929,1,TM,0.4381564912979742,0.02108048390805832,1.0808683093617504
2.805118784834357,1.050606227657042,13.706897204449106,1,TM,0.4479512565033467,0.021439970833235223,1.1369391557747166
2.839199179018826,1.0481561973316609,15.816891004630499,1,TM,0.45319586075921614,0.020426006487887543,1.199121121878138
2.688846700101912,1.0505380002697602,12.212890241589376,1,TM,0.42956604238779617,0.021411766412588826,1.0868184540706274
2.8398904357725243,1.0566142223487007,10.80068468203497,1,TM,0.45330158509728974,0.023916452126039035,1.0334512873577326
2.719192218393815,1.0515415427482568,10.197018263442427,1,TM,0.43443990874127936,0.021826434825423343,1.0084731971496539
2.6780697980882775,1.0495554185884408,10.308889096362796,1,TM,0.4278218917684332,0.021005375125875195,1.013211867483909
2.815735286799957,1.0547381406122336,11.03984974158792,1,TM,0.4495918234509426,0.02314465091040469,1.042963162447228
2.82214706428448,1.0537030454068836,12.318465361885679,1,TM,0.4505796414321734,0.02271823524842343,1.0905566066613217
2.802111505210065,1.0510964656869994,14.097991005828781,1,TM,0.44748541329590324,0.021642575774234018,1.1491572291627559
2.830840459386902,1.0488837878773951,16.348742909310495,1,TM,0.45191539407003833,0.020727372769890607,1.2134843644251294
2.9382781369823396,1.044175449340199,7.555023609737018,1,TM,0.4680929036527816,0.018773477860118393,0.8782358258639898
2.916707712940486,1.0436627368547209,6.816934339554605,1,TM,0.46489291008943584,0.018560177606109892,0.833589110911109
2.934227059324084,1.0431341952966424,6.533314549480615,1,TM,0.4674937178222001,0.01834018237466034,0.8151335680038577
2.8689433170120173,1.0445820553366552,9.020323139506097,1,TM,0.4577219677816963,0.018942560908203076,0.9552220957670703
2.931310046134383,1.045508379791266,8.291950124929865,1,TM,0.46706175641318054,0.019327518055194035,0.9186566812012629
3.0615558342151394,1.0517343588742685,8.137085214238995,1,TM,0.4859421841605882,0.021906062020047502,0.9104688640944208
3.0942909601395465,1.052640844765106,8.486466637034388,1,TM,0.49056114854947164,0.0222802175831649,0.9287269082127452
3.1056860827032584,1.0514468357598368,9.285470244411025,1,TM,0.492157555887181,0.021787318372934437,0.9678039026241558
2.9540666702402834,1.05032628226025,11.104258434440833,1,TM,0.47042029266541036,0.021324232949027452,1.0454895607607717
3.0851022677390496,1.0556610653763678,8.793169622904106,1,TM,0.48926956499117136,0.02352450431130669,0.9441454509109389
2.9613533059188706,1.0500462415564875,8.713080971338686,1,TM,0.47149022422738546,0.02120842479433689,0.9401717499852038
3.0624204801863404,1.054098000346727,9.219368750321271,1,TM,0.48606482048617444,0.022880989464080972,0.964701185951957
3.0933522673567815,1.054206546434346,10.241267699430912,1,TM,0.4904293797696968,0.022925708778469115,1.0103537184358433
3.0488692565529263,1.0540775479552156,11.170488277362985,1,TM,0.4841388010872391,0.022872562878560047,1.0480721571379619
2.844218632468631,1.0440647534100822,9.495556335975312,1,TM,0.4539629771580116,0.01872743465914894,0.9775204147356021
3.012355673780023,1.0518968689968158,8.67943058498944,1,TM,0.47890624841862545,0.02197316242118344,0.9384912341731866
3.1010286512633667,1.0554584927903257,8.599830617218103,1,TM,0.4915057788229752,0.023441158812248935,0.9344898974375278
3.0873923376065617,1.0549710480103631,9.140090310133122,1,TM,0.4895918219766715,0.023240541281227853,0.9609504868715457
3.1033416336550412,1.0549306878512377,10.220368782389892,1,TM,0.4918295878446324,0.02322392610517379,1.0094665667641913
2.7606669211532737,1.0295929075048524,5.868492169071782,1,TM,0.4410140114812745,0.012665542208184591,0.7685265293956359
3.143600088629768,1.043356255182042,8.058878843011776,1,TM,0.49742729234569966,0.01843262409489256,0.9062746266485701
3.2409927718587004,1.0483983368976424,7.175023882190299,1,TM,0.510678062459121,0.020526323342142373,0.8558233509650823
3.3530607909128634,1.0531187384036418,6.885001957387289,1,TM,0.5254414272488853,0.022477340346252213,0.8379040680616975
3.186757439266537,1.0484479206555142,8.441615216519663,1,TM,0.5033490083130605,0.02054686271393674,0.9264255523729088
3.340727027677519,1.0554459886331855,7.513358862080072,1,TM,0.5238409906885245,0.023436013637282777,0.8758341326303991
3.3483974357491046,1.055667826169803,7.289673644541235,1,TM,0.5248370006679296,0.02352728566412568,0.8627080855816885
3.364737362300185,1.0557913138767037,7.650494597439345,1,TM,0.5269511706238098,0.0235780846862179,0.8836895128000464
3.3504880642844475,1.0566647283131514,8.384065849862651,1,TM,0.5251080751522096,0.023937210825841947,0.9234546806749181
3.34489052970653,1.056462035268822,7.428466796732157,1,TM,0.5243819089133033,0.023853894980849152,0.8708991865156741
3.3524761947990935,1.0564726271984983,7.2285790370786644,1,TM,0.5253657027043673,0.023858249130263087,0.8590529339464273
3.351685224143016,1.056371169145246,7.646142670974357,1,TM,0.5252632248040277,0.023816539778362813,0.8834423973501312
3.3016537657158134,1.0413341499201236,6.101702285492748,1,TM,0.5187315281868934,0.017590111048018307,0.785451013709218
3.2906475004003473,1.0440767732623413,6.291199999270803,1,TM,0.5172813624431846,0.018732434469212376,0.7987334917656848
3.374204622620894,1.0444737974628646,5.94729220737687,1,TM,0.5281714160659392,0.018897549380924958,0.7743192771462788
3.3533183339211283,1.0442462625950588,6.1381146796740715,1,TM,0.525474783402874,0.01880292958020663,0.7880349981857967
