4.301726843e-04,9.684815937e-03,2.272091101e-03,1.000728376e-02,4.999976777e-03,1.499467636e-03,1.518582458e-03,0.000000000e+00,2.105163617e+06,x,o,o,x,2.232528218e+06,moon0.01x.005v2.0th20,
1.044558119e-03,9.525024934e-03,3.301845182e-03,1.000728376e-02,4.999976777e-03,1.490532269e-03,1.518582458e-03,0.000000000e+00,2.053349944e+06,*,o,o,x,2.451734475e+06,moon0.01x.005v2.0th30,
1.259908190e-03,1.014997222e-02,3.517475462e-03,1.000728376e-02,4.999976777e-03,1.675880645e-03,1.518582458e-03,0.000000000e+00,1.371048033e+06,^,o,o,x,2.289596047e+06,moon0.01x.005v1.5th45,
1.629315386e-03,9.914608368e-03,4.693516382e-03,1.000728376e-02,4.999976777e-03,1.331304913e-03,1.518582458e-03,0.000000000e+00,2.437418725e+06,^,o,o,x,4.070392973e+06,moon0.01x.005v2.0th45,
1.144359505e-03,1.021165629e-02,3.171308304e-03,1.000728376e-02,4.999976777e-03,1.703457101e-03,1.518582458e-03,0.000000000e+00,1.110548907e+06,^,o,o,x,1.854572798e+06,moon0.01x.005v1.35th45,
1.182685871e-03,1.013889577e-02,3.289403116e-03,1.000728376e-02,4.999976777e-03,1.380113611e-03,1.518582458e-03,0.000000000e+00,1.396390703e+06,s,o,o,x,4.390019342e+06,moon0.01x.005v1.15th60,
1.502492203e-03,1.005481465e-02,4.293374219e-03,1.000728376e-02,4.999976777e-03,1.363796460e-03,1.518582458e-03,0.000000000e+00,2.375711970e+06,s,o,o,x,7.468841981e+06,moon0.01x.005v1.5th60,
1.967140052e-03,9.972881830e-03,5.732819049e-03,1.000728376e-02,4.999976777e-03,1.342775268e-03,1.518582458e-03,0.000000000e+00,4.223487947e+06,s,o,o,x,1.327794130e+07,moon0.01x.005v2.0th60,
1.252323517e-03,1.033699492e-02,3.506619050e-03,1.000728376e-02,4.999976777e-03,1.681763926e-03,1.518582458e-03,0.000000000e+00,4.507119287e+06,p,o,o,x,4.941466075e+07,moon0.01x.005v1.1th75,
2.301524760e-02,9.647006370e-02,1.038843796e-01,1.000679067e-01,5.002517832e-02,6.221460571e-02,6.787664906e-02,1.000000000e+00,1.003174626e+07,x,P,o,x,1.065696095e+07,mars0.1x.05v2.0th20,
3.469648975e-02,1.031663253e-01,1.136842160e-01,1.000679067e-01,5.002517832e-02,7.057335032e-02,6.787664906e-02,1.000000000e+00,5.513620705e+06,*,P,o,x,6.600159324e+06,mars0.1x.05v1.5th30,
5.215454690e-02,9.618533778e-02,1.519786135e-01,1.000679067e-01,5.002517832e-02,6.364541225e-02,6.787664906e-02,0.000000000e+00,9.801992364e+06,*,P,o,x,1.173361658e+07,mars0.1x.05v2.0th30,
5.753460367e-02,1.017008493e-01,1.608118704e-01,1.000679067e-01,5.002517832e-02,7.080812658e-02,6.787664906e-02,0.000000000e+00,6.559151858e+06,^,P,o,x,1.099282147e+07,mars0.1x.05v1.5th45,
7.354267298e-02,9.939823159e-02,2.143463694e-01,1.000679067e-01,5.002517832e-02,6.801895286e-02,6.787664906e-02,0.000000000e+00,1.166071441e+07,^,P,o,x,1.954279372e+07,mars0.1x.05v2.0th45,
5.219529550e-02,1.021429526e-01,1.448936895e-01,1.000679067e-01,5.002517832e-02,7.173354357e-02,6.787664906e-02,0.000000000e+00,5.312913005e+06,^,P,o,x,8.904185389e+06,mars0.1x.05v1.35th45,
5.376861862e-02,1.013707614e-01,1.509546565e-01,1.000679067e-01,5.002517832e-02,5.905124102e-02,6.787664906e-02,0.000000000e+00,6.690416266e+06,s,P,o,x,2.112405188e+07,mars0.1x.05v1.15th60,
6.779275908e-02,1.004707096e-01,1.971271074e-01,1.000679067e-01,5.002517832e-02,6.989676644e-02,6.787664906e-02,0.000000000e+00,1.138256076e+07,s,P,o,x,3.593884062e+07,mars0.1x.05v1.5th60,
8.980942064e-02,9.985122049e-02,2.629408439e-01,1.000679067e-01,5.002517832e-02,6.918704226e-02,6.787664906e-02,0.000000000e+00,2.023566356e+07,s,P,o,x,6.389127222e+07,mars0.1x.05v2.0th60,
5.632090762e-02,1.020915975e-01,1.612830023e-01,1.000679067e-01,5.002517832e-02,5.894677077e-02,6.787664906e-02,0.000000000e+00,2.160919651e+07,p,P,o,x,2.380122657e+08,mars0.1x.05v1.1th75,
3.790836307e-01,4.784331800e-01,1.487991630e+00,5.004180782e-01,2.500714436e-01,8.266230895e-01,9.385968191e-01,1.000000000e+00,3.073737817e+07,x,x,o,x,3.273220645e+07,halfearth0.5x0.25v2.0th20,
5.281153757e-01,5.114755126e-01,1.631916504e+00,5.004180782e-01,2.500714436e-01,9.561443658e-01,9.385968191e-01,1.000000000e+00,1.693558930e+07,*,x,o,x,2.034600822e+07,halfearth0.5x0.25v1.5th30,
7.425653588e-01,4.811796653e-01,2.177327152e+00,5.004180782e-01,2.500714436e-01,8.325440331e-01,9.385968191e-01,1.000000000e+00,3.010771431e+07,*,x,o,x,3.617068127e+07,halfearth0.5x0.25v2.0th30,
5.119663519e-01,5.255927864e-01,1.576372519e+00,5.004180782e-01,2.500714436e-01,9.503547777e-01,9.385968191e-01,1.000000000e+00,1.582536734e+07,*,x,o,x,1.901221434e+07,halfearth0.5x0.25v1.45th30,
8.051363769e-01,5.082243721e-01,2.305663267e+00,5.004180782e-01,2.500714436e-01,9.505080313e-01,9.385968191e-01,0.000000000e+00,2.020980470e+07,^,x,o,x,3.404291200e+07,halfearth0.5x0.25v1.5th45,
1.047131329e+00,4.972227251e-01,3.072709525e+00,5.004180782e-01,2.500714436e-01,9.180392712e-01,9.385968191e-01,0.000000000e+00,3.592854168e+07,^,x,o,x,6.052073244e+07,halfearth0.5x0.25v2.0th45,
7.171654794e-01,5.115263691e-01,2.074150857e+00,5.004180782e-01,2.500714436e-01,9.520133370e-01,9.385968191e-01,0.000000000e+00,1.636994180e+07,^,x,o,x,2.757475872e+07,halfearth0.5x0.25v1.35th45,
7.433366977e-01,5.060867011e-01,2.164739479e+00,5.004180782e-01,2.500714436e-01,9.519464193e-01,9.385968191e-01,0.000000000e+00,2.065856227e+07,s,x,o,x,6.562513722e+07,halfearth0.5x0.25v1.15th60,
9.587354068e-01,5.018392378e-01,2.841828173e+00,5.004180782e-01,2.500714436e-01,8.725303210e-01,9.385968191e-01,0.000000000e+00,3.514689234e+07,s,x,o,x,1.116495718e+08,halfearth0.5x0.25v1.5th60,
1.276768129e+00,4.992593893e-01,3.765738372e+00,5.004180782e-01,2.500714436e-01,9.309707232e-01,9.385968191e-01,0.000000000e+00,6.248336415e+07,s,x,o,x,1.984881277e+08,halfearth0.5x0.25v2.0th60,
7.783708561e-01,5.083286750e-01,2.309293894e+00,5.004180782e-01,2.500714436e-01,9.163109029e-01,9.385968191e-01,0.000000000e+00,6.678833773e+07,p,x,o,x,7.404650312e+08,halfearth0.5x0.25v1.1th60,
9.646339638e-01,8.679670079e-01,3.983734873e+00,9.101278849e-01,4.549948446e-01,2.201214134e+00,2.473883293e+00,1.000000000e+00,4.703451585e+07,x,*,o,x,5.014559085e+07,protoearth0.91x0.455v2.0th20,
1.373233923e+00,9.367383838e-01,4.221047034e+00,9.101278849e-01,4.549948446e-01,2.542147490e+00,2.473883293e+00,1.000000000e+00,2.424382028e+07,*,*,o,x,2.917587141e+07,protoearth0.91x0.455v1.45th30,
1.466742393e+00,9.350139925e-01,4.373346784e+00,9.101278849e-01,4.549948446e-01,2.521711076e+00,2.473883293e+00,1.000000000e+00,2.594463526e+07,*,*,o,x,3.122269236e+07,protoearth0.91x0.455v1.5th30,
1.951502152e+00,8.787856620e-01,5.819869382e+00,9.101278849e-01,4.549948446e-01,2.275818841e+00,2.473883293e+00,1.000000000e+00,4.612379602e+07,*,*,o,x,5.550700864e+07,protoearth0.91x0.455v2.0th30,
2.056756150e+00,9.287090597e-01,5.573303569e+00,9.101278849e-01,4.549948446e-01,2.527676007e+00,2.473883293e+00,0.000000000e+00,2.511385074e+07,^,*,o,x,4.240487211e+07,protoearth0.91x0.455v1.35th45,
2.219834099e+00,9.243305083e-01,6.180149288e+00,9.101278849e-01,4.549948446e-01,2.488785298e+00,2.473883293e+00,0.000000000e+00,3.100475400e+07,^,*,o,x,5.235169397e+07,protoearth0.91x0.455v1.5th45,
2.840569686e+00,9.040083740e-01,8.232018002e+00,9.101278849e-01,4.549948446e-01,2.402344877e+00,2.473883293e+00,0.000000000e+00,5.511956266e+07,^,*,o,x,9.306967816e+07,protoearth0.91x0.455v2.0th45,
2.021898473e+00,9.215707899e-01,5.798001424e+00,9.101278849e-01,4.549948446e-01,2.478716568e+00,2.473883293e+00,0.000000000e+00,3.172432464e+07,s,*,o,x,1.010654668e+08,protoearth0.91x0.455v1.15th60,
2.641055971e+00,9.125220352e-01,7.560116715e+00,9.101278849e-01,4.549948446e-01,2.459634743e+00,2.473883293e+00,0.000000000e+00,5.397333115e+07,s,*,o,x,1.719450285e+08,protoearth0.91x0.455v1.5th60,
3.511486832e+00,9.084110537e-01,1.007026004e+01,9.101278849e-01,4.549948446e-01,2.441496876e+00,2.473883293e+00,0.000000000e+00,9.595258871e+07,s,*,o,x,3.056800507e+08,protoearth0.91x0.455v2.0th60,
2.092759132e+00,9.236427479e-01,6.176329265e+00,9.101278849e-01,4.549948446e-01,2.482823144e+00,2.473883293e+00,0.000000000e+00,1.026088544e+08,p,*,o,x,1.141090754e+09,protoearth0.91x0.455v1.1th75,
2.627834250e+00,1.331906050e+00,7.846851156e+00,1.298940670e+00,6.504534800e-01,4.361774401e+00,4.395675882e+00,1.000000000e+00,3.358362209e+07,*,^,o,x,4.046734832e+07,superearth1.3x0.65v1.5th30,
3.558170663e+00,1.255945440e+00,1.046249354e+01,1.298940670e+00,6.504534800e-01,3.918630335e+00,4.395675882e+00,1.000000000e+00,5.970421705e+07,*,^,o,x,7.194195257e+07,superearth1.3x0.65v2.0th30,
3.867225057e+00,1.317022323e+00,1.111505145e+01,1.298940670e+00,6.504534800e-01,4.385328448e+00,4.395675882e+00,0.000000000e+00,4.017207875e+07,^,^,o,x,6.794833379e+07,superearth1.3x0.65v1.5th45,
5.013603311e+00,1.288989018e+00,1.479517786e+01,1.298940670e+00,6.504534800e-01,4.264055681e+00,4.395675882e+00,0.000000000e+00,7.141702890e+07,^,^,o,x,1.207970379e+08,superearth1.3x0.65v2.0th45,
3.551917949e+00,1.314945288e+00,1.040575678e+01,1.298940670e+00,6.504534800e-01,4.404073090e+00,4.395675882e+00,0.000000000e+00,4.113138954e+07,s,^,o,x,1.313019588e+08,superearth1.3x0.65v1.15th60,
4.574510710e+00,1.302618045e+00,1.357347291e+01,1.298940670e+00,6.504534800e-01,4.363189312e+00,4.395675882e+00,0.000000000e+00,6.997778938e+07,s,^,o,x,2.233870754e+08,superearth1.3x0.65v1.5th60,
6.151492063e+00,1.296127146e+00,1.810483738e+01,1.298940670e+00,6.504534800e-01,4.293645209e+00,4.395675882e+00,0.000000000e+00,1.244049589e+08,s,^,o,x,3.971325786e+08,superearth1.3x0.65v2.0th60,
8.490158901e-05,9.951832611e-03,1.567954221e-03,1.000728376e-02,3.332837352e-03,1.587191029e-03,1.518582458e-03,0.000000000e+00,1.425300842e+06,x,o,P,x,1.481993767e+06,moon.01x.003v2.0th20,
5.673318212e-04,9.738343957e-03,2.268221229e-03,1.000728376e-02,3.332837352e-03,1.547823930e-03,1.518582458e-03,0.000000000e+00,1.381237097e+06,*,o,P,x,1.612018811e+06,moon.01x.003v2.0th30,
7.062064821e-04,1.022005459e-02,2.412613351e-03,1.000728376e-02,3.332837352e-03,1.695973708e-03,1.518582458e-03,0.000000000e+00,9.291732454e+05,^,o,P,x,1.522063296e+06,moon.01x.003v1.5th45,
9.016674307e-04,9.975453815e-03,3.214722907e-03,1.000728376e-02,3.332837352e-03,1.641853169e-03,1.518582458e-03,0.000000000e+00,1.651863547e+06,^,o,P,x,2.705890305e+06,moon.01x.003v2.0th45,
6.565367221e-04,1.016647315e-02,2.258927366e-03,1.000728376e-02,3.332837352e-03,1.693749398e-03,1.518582458e-03,0.000000000e+00,9.528670756e+05,s,o,P,x,2.948069829e+06,moon.01x.003v1.15th60,
7.987336215e-04,1.007284364e-02,2.946390122e-03,1.000728376e-02,3.332837352e-03,1.668233233e-03,1.518582458e-03,0.000000000e+00,1.621134911e+06,s,o,P,x,5.015619748e+06,moon.01x.003v1.5th60,
1.028562181e-03,9.993536919e-03,3.931330486e-03,1.000728376e-02,3.332837352e-03,1.646738757e-03,1.518582458e-03,0.000000000e+00,2.882017620e+06,s,o,P,x,8.916657329e+06,moon.01x.003v2.0th60,
6.633923104e-04,1.018315734e-02,2.411011166e-03,1.000728376e-02,3.332837352e-03,1.390299785e-03,1.518582458e-03,0.000000000e+00,3.074091756e+06,p,o,P,x,3.316049025e+07,moon.01x.003v1.1th75,
7.301649884e-03,9.856260033e-02,7.130699459e-02,1.000679067e-01,3.332227848e-02,6.632128076e-02,6.787664906e-02,0.000000000e+00,6.788215014e+06,x,P,P,x,7.074504192e+06,mars0.1x.03v2.0th20,
2.940297899e-02,9.822215983e-02,1.041151711e-01,1.000679067e-01,3.332227848e-02,6.542359187e-02,6.787664906e-02,0.000000000e+00,6.598607342e+06,*,P,P,x,7.730166833e+06,mars0.1x.03v2.0th30,
3.287707608e-02,1.020520529e-01,1.104426126e-01,1.000679067e-01,3.332227848e-02,7.096383547e-02,6.787664906e-02,0.000000000e+00,4.453887381e+06,^,P,P,x,7.335044247e+06,mars0.1x.03v1.5th45,
3.012286968e-02,1.016201571e-01,1.036948810e-01,1.000679067e-01,3.332227848e-02,6.007095072e-02,6.787664906e-02,0.000000000e+00,4.577335546e+06,s,P,P,x,1.425250441e+07,mars0.1x.03v1.15th60,
3.711985407e-02,1.007149850e-01,1.354743047e-01,1.000679067e-01,3.332227848e-02,7.021884225e-02,6.787664906e-02,0.000000000e+00,7.787527395e+06,s,P,P,x,2.424811715e+07,mars0.1x.03v1.5th60,
4.725043245e-02,1.000101940e-01,1.803441137e-01,1.000679067e-01,3.332227848e-02,6.941362430e-02,6.787664906e-02,0.000000000e+00,1.384449315e+07,s,P,P,x,4.310776382e+07,mars0.1x.03v2.0th60,
3.007643577e-02,1.012101876e-01,1.109125499e-01,1.000679067e-01,3.332227848e-02,7.078901253e-02,6.787664906e-02,0.000000000e+00,1.478159583e+07,p,P,P,x,1.605461373e+08,mars0.1x.03v1.1th75,
1.371625997e-01,4.911350430e-01,1.026528034e+00,5.004180782e-01,1.667216668e-01,8.613961745e-01,9.385968191e-01,1.000000000e+00,2.082081419e+07,x,x,P,x,2.177728753e+07,halfearth0.5x0.17v2.0th20,
4.071280181e-01,4.914060574e-01,1.495820940e+00,5.004180782e-01,1.667216668e-01,8.864419494e-01,9.385968191e-01,1.000000000e+00,2.033200658e+07,*,x,P,x,2.395663156e+07,halfearth0.5x0.17v2.0th30,
4.704817993e-01,5.102562941e-01,1.585254781e+00,5.004180782e-01,1.667216668e-01,9.588818543e-01,9.385968191e-01,0.000000000e+00,1.379234761e+07,^,x,P,x,2.290033629e+07,halfearth0.5x0.17v1.5th45,
6.032532833e-01,5.006816956e-01,2.113434735e+00,5.004180782e-01,1.667216668e-01,9.190139277e-01,9.385968191e-01,0.000000000e+00,2.451972908e+07,^,x,P,x,4.071170896e+07,halfearth0.5x0.17v2.0th45,
4.160160796e-01,5.071827260e-01,1.487725778e+00,5.004180782e-01,1.667216668e-01,8.846441760e-01,9.385968191e-01,0.000000000e+00,1.422020512e+07,s,x,P,x,4.470814749e+07,halfearth0.5x0.17v1.15th60,
5.254687959e-01,5.026957294e-01,1.946957385e+00,5.004180782e-01,1.667216668e-01,9.420628223e-01,9.385968191e-01,0.000000000e+00,2.419316562e+07,s,x,P,x,7.606301086e+07,halfearth0.5x0.17v1.5th60,
6.947562957e-01,4.999519513e-01,2.598498273e+00,5.004180782e-01,1.667216668e-01,9.336551737e-01,9.385968191e-01,0.000000000e+00,4.301007221e+07,s,x,P,x,1.352231304e+08,halfearth0.5x0.17v2.0th60,
4.165523904e-01,5.046902043e-01,1.587728270e+00,5.004180782e-01,1.667216668e-01,9.481573161e-01,9.385968191e-01,0.000000000e+00,4.598828026e+07,p,x,P,x,5.046945744e+08,halfearth0.5x0.17v1.1th75,
3.870796854e-01,8.993757307e-01,2.767368083e+00,9.101278849e-01,3.034080956e-01,2.338784406e+00,2.473883293e+00,1.000000000e+00,3.187078951e+07,x,*,P,x,3.339498614e+07,protoearth0.91x0.3v2.0th20,
1.118209271e+00,8.960712181e-01,4.045407092e+00,9.101278849e-01,3.034080956e-01,2.359777834e+00,2.473883293e+00,1.000000000e+00,3.119060005e+07,*,*,P,x,3.685548143e+07,protoearth0.91x0.3v2.0th30,
1.254634757e+00,9.274202421e-01,4.250937714e+00,9.101278849e-01,3.034080956e-01,2.509271399e+00,2.473883293e+00,0.000000000e+00,2.120890703e+07,^,*,P,x,3.535470263e+07,protoearth0.91x0.3v1.5th45,
1.564053110e+00,9.099842962e-01,5.668657339e+00,9.101278849e-01,3.034080956e-01,2.415714076e+00,2.473883293e+00,0.000000000e+00,3.770472360e+07,^,*,P,x,6.285280467e+07,protoearth0.91x0.3v2.0th45,
1.099752438e+00,9.231344676e-01,3.990826524e+00,9.101278849e-01,3.034080956e-01,2.480668783e+00,2.473883293e+00,0.000000000e+00,2.190033634e+07,s,*,P,x,6.917873671e+07,protoearth0.91x0.3v1.15th60,
1.439304941e+00,9.143650369e-01,5.237590005e+00,9.101278849e-01,3.034080956e-01,2.469263935e+00,2.473883293e+00,0.000000000e+00,3.725955142e+07,s,*,P,x,1.176953933e+08,protoearth0.91x0.3v1.5th60,
1.880473703e+00,9.094707468e-01,6.972579118e+00,9.101278849e-01,3.034080956e-01,2.447693650e+00,2.473883293e+00,0.000000000e+00,6.623920253e+07,s,*,P,x,2.092362547e+08,protoearth0.91x0.3v2.0th60,
1.103217385e+00,9.184658422e-01,4.254785532e+00,9.101278849e-01,3.034080956e-01,2.337210158e+00,2.473883293e+00,0.000000000e+00,7.087532708e+07,p,*,P,x,7.817384767e+08,protoearth0.91x0.3v1.1th75,
1.972427143e+00,1.278364170e+00,7.212571582e+00,1.298940670e+00,4.334473000e-01,4.085189881e+00,4.395675882e+00,1.000000000e+00,4.038095980e+07,*,^,P,x,4.781044847e+07,superearth1.3x0.43v2.0th30,
2.169256363e+00,1.322691848e+00,7.634677506e+00,1.298940670e+00,4.334473000e-01,4.447119184e+00,4.395675882e+00,0.000000000e+00,2.750292116e+07,^,^,P,x,4.597393409e+07,superearth1.3x0.43v1.5th45,
2.756753412e+00,1.299567378e+00,1.018170749e+01,1.298940670e+00,4.334473000e-01,4.286543722e+00,4.395675882e+00,0.000000000e+00,4.889408206e+07,^,^,P,x,8.173143837e+07,superearth1.3x0.43v2.0th45,
1.956239803e+00,1.317585148e+00,7.167579115e+00,1.298940670e+00,4.334473000e-01,4.417056483e+00,4.395675882e+00,0.000000000e+00,2.842916228e+07,s,^,P,x,9.009587393e+07,superearth1.3x0.43v1.15th60,
3.234286975e+00,1.297819865e+00,1.246401982e+01,1.298940670e+00,4.334473000e-01,4.253813915e+00,4.395675882e+00,0.000000000e+00,8.598612411e+07,s,^,P,x,2.725016981e+08,superearth1.3x0.43v2.0th60,
2.460413095e+00,1.304100160e+00,9.348761158e+00,1.298940670e+00,4.334473000e-01,4.374132747e+00,4.395675882e+00,0.000000000e+00,4.836719481e+07,s,^,P,x,1.532822052e+08,superearth1.3x0.43v1.5th60,
2.776163155e-04,1.017106880e-02,1.160404964e-03,1.000728376e-02,1.667078114e-03,1.664653931e-03,1.518582458e-03,0.000000000e+00,6.718490972e+05,*,o,x,x,7.421295130e+05,moon.01x.0017v2.0th30,
3.136270326e-04,1.025100270e-02,1.234885171e-03,1.000728376e-02,1.667078114e-03,1.706064450e-03,1.518582458e-03,0.000000000e+00,4.437784306e+05,^,o,x,x,6.820868017e+05,moon.01x.0017v1.5th45,
3.375536537e-04,1.001844439e-02,1.641264076e-03,1.000728376e-02,1.667078114e-03,1.654450265e-03,1.518582458e-03,0.000000000e+00,7.889394322e+05,^,o,x,x,1.212598759e+06,moon.01x.0017v2.0th45,
2.541333442e-04,1.015794430e-02,1.155787697e-03,1.000728376e-02,1.667078114e-03,1.408095539e-03,1.518582458e-03,0.000000000e+00,4.528450400e+05,s,o,x,x,1.311505767e+06,moon.01x.0017v1.15th60,
2.814901471e-04,1.007811075e-02,1.508519903e-03,1.000728376e-02,1.667078114e-03,1.392710058e-03,1.518582458e-03,0.000000000e+00,7.704357958e+05,s,o,x,x,2.231295256e+06,moon.01x.0017v1.5th60,
3.352299690e-04,1.001623031e-02,2.010270517e-03,1.000728376e-02,1.667078114e-03,1.653870972e-03,1.518582458e-03,0.000000000e+00,1.369663637e+06,s,o,x,x,3.966747122e+06,moon.01x.0017v2.0th60,
2.218078361e-04,1.006348285e-02,1.235336540e-03,1.000728376e-02,1.667078114e-03,1.370525584e-03,1.518582458e-03,0.000000000e+00,1.450956525e+06,p,o,x,x,1.460354500e+07,moon.01x.0017v1.1th75,
1.377148913e-02,1.014723683e-01,5.337932957e-02,1.000679067e-01,1.668026596e-02,6.971467927e-02,6.787664906e-02,0.000000000e+00,3.219151500e+06,*,P,x,x,3.575163755e+06,mars0.1x.017v2.0th30,
1.421255264e-02,1.023332172e-01,5.661273709e-02,1.000679067e-01,1.668026596e-02,6.122227666e-02,6.787664906e-02,0.000000000e+00,2.139215729e+06,^,P,x,x,3.315266817e+06,mars0.1x.017v1.5th45,
1.534600728e-02,1.003223450e-01,7.547690466e-02,1.000679067e-01,1.668026596e-02,6.981318839e-02,6.787664906e-02,0.000000000e+00,3.803050184e+06,^,P,x,x,5.893807675e+06,mars0.1x.017v2.0th45,
1.134734534e-02,1.014980261e-01,5.317101110e-02,1.000679067e-01,1.668026596e-02,7.115945695e-02,6.787664906e-02,0.000000000e+00,2.190271022e+06,s,P,x,x,6.406226984e+06,mars0.1x.017v1.15th60,
1.245644029e-02,1.007103343e-01,6.933963788e-02,1.000679067e-01,1.668026596e-02,4.469226336e-02,6.787664906e-02,0.000000000e+00,3.726359016e+06,s,P,x,x,1.089906292e+07,mars0.1x.017v1.5th60,
1.485287693e-02,1.001911554e-01,9.243654008e-02,1.000679067e-01,1.668026596e-02,4.472360660e-02,6.787664906e-02,0.000000000e+00,6.624638251e+06,s,P,x,x,1.937611186e+07,mars0.1x.017v2.0th60,
9.868689834e-03,1.006504603e-01,5.728966325e-02,1.000679067e-01,1.668026596e-02,7.018764255e-02,6.787664906e-02,0.000000000e+00,7.028608921e+06,p,P,x,x,7.149470011e+07,mars0.1x.017v1.1th75,
2.011562807e-01,5.045212366e-01,7.655686529e-01,5.004180782e-01,8.336844585e-02,9.363125765e-01,9.385968191e-01,1.000000000e+00,9.945632115e+06,*,x,x,x,1.114049171e+07,halfearth0.5x.08v2.0th30,
2.041484396e-01,5.102029775e-01,8.119132997e-01,5.004180782e-01,8.336844585e-02,9.583298277e-01,9.385968191e-01,0.000000000e+00,6.670051341e+06,^,x,x,x,1.047135168e+07,halfearth0.5x.08v1.5th45,
1.532074571e-01,5.067208901e-01,7.625966523e-01,5.004180782e-01,8.336844585e-02,9.552921134e-01,9.385968191e-01,0.000000000e+00,6.864531209e+06,s,x,x,x,2.038864057e+07,halfearth0.5x.08v1.15th60,
1.762237311e-01,5.028763406e-01,9.944002443e-01,5.004180782e-01,8.336844585e-02,9.434179216e-01,9.385968191e-01,0.000000000e+00,1.167878656e+07,s,x,x,x,3.468766827e+07,halfearth0.5x.08v1.5th60,
1.328202645e-01,5.031608709e-01,8.159574197e-01,5.004180782e-01,8.336844585e-02,9.443306618e-01,9.385968191e-01,0.000000000e+00,2.208020488e+07,p,x,x,x,2.283312311e+08,halfearth0.5x.08v1.1th75,
4.929294474e-01,9.186286841e-01,2.058350244e+00,9.101278849e-01,1.517723913e-01,2.467131525e+00,2.473883293e+00,1.000000000e+00,1.529252979e+07,*,*,x,x,1.720394035e+07,protoearth0.91x0.15v2.0th30,
5.332532677e-01,9.294570525e-01,2.182115514e+00,9.101278849e-01,1.517723913e-01,2.524061718e+00,2.473883293e+00,0.000000000e+00,1.030105335e+07,^,*,x,x,1.627559778e+07,protoearth0.91x0.15v1.5th45,
5.844358979e-01,9.140922653e-01,2.907898005e+00,9.101278849e-01,1.517723913e-01,2.413143307e+00,2.473883293e+00,0.000000000e+00,1.831298372e+07,^,*,x,x,2.893439606e+07,protoearth0.91x0.15v2.0th45,
4.131470498e-01,9.222411058e-01,2.053518041e+00,9.101278849e-01,1.517723913e-01,2.379389256e+00,2.473883293e+00,0.000000000e+00,1.062757795e+07,s,*,x,x,3.180549307e+07,protoearth0.91x0.15v1.15th60,
4.932906467e-01,9.145087151e-01,2.694029591e+00,9.101278849e-01,1.517723913e-01,2.472020141e+00,2.473883293e+00,0.000000000e+00,1.808094547e+07,s,*,x,x,5.411142488e+07,protoearth0.91x0.15v1.5th60,
5.983144097e-01,9.105813869e-01,3.586528318e+00,9.101278849e-01,1.517723913e-01,2.373639853e+00,2.473883293e+00,0.000000000e+00,3.214390306e+07,s,*,x,x,9.619808868e+07,protoearth0.91x0.15v2.0th60,
3.522051627e-01,9.152105309e-01,2.185769224e+00,9.101278849e-01,1.517723913e-01,2.475217364e+00,2.473883293e+00,0.000000000e+00,3.422302997e+07,p,*,x,x,3.567835296e+08,protoearth0.91x0.15v1.1th75,
9.191715801e-01,1.309749301e+00,3.695469838e+00,1.298940670e+00,2.166383300e-01,4.287048547e+00,4.395675882e+00,1.000000000e+00,1.980754296e+07,*,^,x,x,2.234843608e+07,superearth1.3x0.22v1th30,
1.010544372e+00,1.304561943e+00,5.220139235e+00,1.298940670e+00,2.166383300e-01,4.354529503e+00,4.395675882e+00,0.000000000e+00,2.378911911e+07,^,^,x,x,3.774886524e+07,superearth1.3x0.22v2.0th45,
7.158558073e-01,1.314996094e+00,3.674039779e+00,1.298940670e+00,2.166383300e-01,4.438012009e+00,4.395675882e+00,0.000000000e+00,1.382833333e+07,s,^,x,x,4.159567138e+07,superearth1.3x0.22v1.15th60,
8.158851929e-01,1.304563109e+00,4.794462553e+00,1.298940670e+00,2.166383300e-01,4.380478112e+00,4.395675882e+00,0.000000000e+00,2.352646503e+07,s,^,x,x,7.076768288e+07,superearth1.3x0.22v1.5th60,
1.085103464e+00,1.298828647e+00,6.420828705e+00,1.298940670e+00,2.166383300e-01,4.348871414e+00,4.395675882e+00,0.000000000e+00,4.182482672e+07,s,^,x,x,1.258092140e+08,superearth1.3x0.22v1th60,
