6.317849207e-04,1.477087176e-02,6.588951919e-04,1.000728376e-02,4.999976777e-03,3.103688845e-03,1.518582458e-03,0.000000000e+00,7.792757742e+05,P,o,o,o,7.825425574e+05,moon0.01x.005v1.15th10,
1.114376897e-03,1.491974322e-02,1.128513011e-03,1.000728376e-02,4.999976777e-03,3.159453771e-03,1.518582458e-03,0.000000000e+00,5.262909041e+05,x,o,o,o,5.581320544e+05,moon0.01x.005v1th20,
1.253227523e-03,1.479863161e-02,1.298493356e-03,1.000728376e-02,4.999976777e-03,3.117422850e-03,1.518582458e-03,0.000000000e+00,6.960197207e+05,x,o,o,o,7.381296419e+05,moon0.01x.005v1.15th20,
1.403848050e-03,1.410601124e-02,1.695457017e-03,1.000728376e-02,4.999976777e-03,2.826711971e-03,1.518582458e-03,0.000000000e+00,1.184154534e+06,x,o,o,o,1.255797122e+06,moon0.01x.005v1.5th20,
1.640898838e-03,1.495023550e-02,1.650179068e-03,1.000728376e-02,4.999976777e-03,3.121868103e-03,1.518582458e-03,0.000000000e+00,5.133374861e+05,*,o,o,o,6.129336189e+05,moon0.01x.005v1th30,
1.847242195e-03,1.485865996e-02,1.897720818e-03,1.000728376e-02,4.999976777e-03,3.114801640e-03,1.518582458e-03,0.000000000e+00,6.788888254e+05,*,o,o,o,8.106047109e+05,moon0.01x.005v1.15th30,
2.197183661e-03,1.489317462e-02,2.333550307e-03,1.000728376e-02,4.999976777e-03,2.929932536e-03,1.518582458e-03,0.000000000e+00,6.093546813e+05,^,o,o,o,1.017598243e+06,moon0.01x.005v1th45,
2.594883113e-03,1.490070998e-02,2.684484801e-03,1.000728376e-02,4.999976777e-03,2.986750150e-03,1.518582458e-03,0.000000000e+00,8.058715660e+05,^,o,o,o,1.345773677e+06,moon0.01x.005v1.15th45,
2.621230019e-03,1.484210293e-02,2.860694984e-03,1.000728376e-02,4.999976777e-03,2.811485647e-03,1.518582458e-03,0.000000000e+00,1.055871987e+06,s,o,o,o,3.319485325e+06,moon0.01x.005v1th60,
2.681813662e-03,1.481204476e-02,3.000505717e-03,1.000728376e-02,4.999976777e-03,2.910405837e-03,1.518582458e-03,0.000000000e+00,1.164098865e+06,s,o,o,o,3.659732571e+06,moon0.01x.005v1.05th60,
2.742558941e-03,1.473325573e-02,3.190131131e-03,1.000728376e-02,4.999976777e-03,2.843973053e-03,1.518582458e-03,0.000000000e+00,3.724891973e+06,p,o,o,o,4.083856261e+07,moon0.01x.005v1th75,
2.539227642e-03,1.459949796e-02,3.271544485e-03,1.000728376e-02,4.999976777e-03,2.795388267e-03,1.518582458e-03,0.000000000e+00,3.913464629e+06,p,o,o,o,4.290601484e+07,moon0.01x.005v1.025th75,
2.778533984e-03,1.468632345e-02,3.348182522e-03,1.000728376e-02,4.999976777e-03,2.861915323e-03,1.518582458e-03,0.000000000e+00,4.106693400e+06,p,o,o,o,4.502451527e+07,moon0.01x.005v1.05th75,
5.125172968e-02,1.493907871e-01,5.183893002e-02,1.000679067e-01,5.002517832e-02,1.310577127e-01,6.787664906e-02,1.000000000e+00,2.507936565e+06,x,P,o,o,2.664240237e+06,mars0.1x.05v1th20,
5.781775283e-02,1.483343410e-01,5.969229423e-02,1.000679067e-01,5.002517832e-02,1.292021588e-01,6.787664906e-02,1.000000000e+00,3.316746108e+06,x,P,o,o,3.523457713e+06,mars0.1x.05v1.15th20,
6.106093206e-02,1.401595125e-01,7.779142350e-02,1.000679067e-01,5.002517832e-02,1.129489904e-01,6.787664906e-02,1.000000000e+00,5.642857272e+06,x,P,o,o,5.994540533e+06,mars0.1x.05v1.5th20,
7.146684154e-02,1.490371177e-01,7.580718613e-02,1.000679067e-01,5.002517832e-02,1.308499556e-01,6.787664906e-02,1.000000000e+00,2.450498091e+06,*,P,o,o,2.933404144e+06,mars0.1x.05v1th30,
8.463900472e-02,1.486417858e-01,8.717115169e-02,1.000679067e-01,5.002517832e-02,1.297046476e-01,6.787664906e-02,1.000000000e+00,3.240783725e+06,*,P,o,o,3.879426981e+06,mars0.1x.05v1.15th30,
9.787647464e-02,1.487741494e-01,1.071874702e-01,1.000679067e-01,5.002517832e-02,1.244027748e-01,6.787664906e-02,0.000000000e+00,2.915178604e+06,^,P,o,o,4.885698430e+06,mars0.1x.05v1th45,
1.154432391e-01,1.487099786e-01,1.232646086e-01,1.000679067e-01,5.002517832e-02,1.199844196e-01,6.787664906e-02,2.000000000e+00,3.855323703e+06,^,P,o,o,6.461336174e+06,mars0.1x.05v1.15th45,
1.226618388e-01,1.489150691e-01,1.312705256e-01,1.000679067e-01,5.002517832e-02,1.241889190e-01,6.787664906e-02,0.000000000e+00,5.058915891e+06,s,P,o,o,1.597281805e+07,mars0.1x.05v1th60,
1.225881826e-01,1.478808828e-01,1.378400080e-01,1.000679067e-01,5.002517832e-02,1.160328144e-01,6.787664906e-02,0.000000000e+00,5.577454770e+06,s,P,o,o,1.761003190e+07,mars0.1x.05v1.05th60,
9.985370746e-02,1.440654750e-01,1.465370379e-01,1.000679067e-01,5.002517832e-02,1.183930443e-01,6.787664906e-02,2.000000000e+00,1.785884009e+07,p,P,o,o,1.967043518e+08,mars0.1x.05v1th75,
1.218887063e-01,1.474062678e-01,1.501139069e-01,1.000679067e-01,5.002517832e-02,1.190432734e-01,6.787664906e-02,2.000000000e+00,1.876294387e+07,p,P,o,o,2.066625096e+08,mars0.1x.05v1.025th75,
1.201237740e-01,1.458802119e-01,1.537330000e-01,1.000679067e-01,5.002517832e-02,1.160514893e-01,6.787664906e-02,2.000000000e+00,1.968937120e+07,p,P,o,o,2.168665479e+08,mars0.1x.05v1.05th75,
7.340568416e-01,7.470209979e-01,7.421500460e-01,5.004180782e-01,2.500714436e-01,1.743653662e+00,9.385968191e-01,1.000000000e+00,7.684344543e+06,x,x,o,o,8.183051613e+06,halfearth0.5x0.25v1th20,
8.325887322e-01,7.434597752e-01,8.537401441e-01,5.004180782e-01,2.500714436e-01,1.698783732e+00,9.385968191e-01,1.000000000e+00,1.016254566e+07,x,x,o,o,1.082208576e+07,halfearth0.5x0.25v1.15th20,
8.650960531e-01,7.029963393e-01,1.115068333e+00,5.004180782e-01,2.500714436e-01,1.411671369e+00,9.385968191e-01,1.000000000e+00,1.728977522e+07,x,x,o,o,1.841186613e+07,halfearth0.5x0.25v1.5th20,
9.802756373e-01,7.439651511e-01,1.085440305e+00,5.004180782e-01,2.500714436e-01,1.716558506e+00,9.385968191e-01,1.000000000e+00,7.526928578e+06,*,x,o,o,9.042670318e+06,halfearth0.5x0.25v1th30,
1.176260825e+00,7.414080262e-01,1.248132055e+00,5.004180782e-01,2.500714436e-01,1.649309721e+00,9.385968191e-01,1.000000000e+00,9.954363044e+06,*,x,o,o,1.195893150e+07,halfearth0.5x0.25v1.15th30,
1.479612232e+00,7.480575182e-01,1.534494620e+00,5.004180782e-01,2.500714436e-01,1.678158824e+00,9.385968191e-01,2.000000000e+00,8.982135421e+06,^,x,o,o,1.513018311e+07,halfearth0.5x0.25v1th45,
1.731296230e+00,7.467360947e-01,1.766428082e+00,5.004180782e-01,2.500714436e-01,1.574384071e+00,9.385968191e-01,2.000000000e+00,1.187887409e+07,^,x,o,o,2.000966716e+07,halfearth0.5x0.25v1.15th45,
1.829503376e+00,7.485156417e-01,1.879241445e+00,5.004180782e-01,2.500714436e-01,1.640833645e+00,9.385968191e-01,2.000000000e+00,1.562084104e+07,s,x,o,o,4.962203192e+07,halfearth0.5x0.25v1th60,
1.615670088e+00,7.327488305e-01,1.973409697e+00,5.004180782e-01,2.500714436e-01,1.581369015e+00,9.385968191e-01,2.000000000e+00,1.722197724e+07,s,x,o,o,5.470829020e+07,halfearth0.5x0.25v1.05th60,
1.889726179e+00,7.414787726e-01,2.096131958e+00,5.004180782e-01,2.500714436e-01,1.577744447e+00,9.385968191e-01,2.000000000e+00,5.519697333e+07,p,x,o,o,6.119545713e+08,halfearth0.5x0.25v1th75,
1.691783113e+00,7.310130097e-01,2.150314326e+00,5.004180782e-01,2.500714436e-01,1.587563547e+00,9.385968191e-01,2.000000000e+00,5.799132010e+07,p,x,o,o,6.429347714e+08,halfearth0.5x0.25v1.025th75,
1.972662567e+00,1.359524450e+00,1.987671522e+00,9.101278849e-01,4.549948446e-01,4.570927630e+00,2.473883293e+00,1.000000000e+00,1.175862896e+07,x,*,o,o,1.253639771e+07,protoearth0.91x0.455v1th20,
2.234454550e+00,1.352458212e+00,2.285737194e+00,9.101278849e-01,4.549948446e-01,4.383640192e+00,2.473883293e+00,1.000000000e+00,1.555078680e+07,x,*,o,o,1.657938597e+07,protoearth0.91x0.455v1.15th20,
2.294607926e+00,1.279789865e+00,2.983067090e+00,9.101278849e-01,4.549948446e-01,3.593985335e+00,2.473883293e+00,1.000000000e+00,2.645691517e+07,x,*,o,o,2.820689485e+07,protoearth0.91x0.455v1.5th20,
2.668011963e+00,1.352043004e+00,2.905742730e+00,9.101278849e-01,4.549948446e-01,4.421495201e+00,2.473883293e+00,1.000000000e+00,1.153094900e+07,*,*,o,o,1.387675216e+07,protoearth0.91x0.455v1th30,
3.219561157e+00,1.351724534e+00,3.341401921e+00,9.101278849e-01,4.549948446e-01,4.248111765e+00,2.473883293e+00,1.000000000e+00,1.524968006e+07,*,*,o,o,1.835200473e+07,protoearth0.91x0.455v1.15th30,
3.967604169e+00,1.355920850e+00,4.110389028e+00,9.101278849e-01,4.549948446e-01,4.283028252e+00,2.473883293e+00,1.000000000e+00,1.377989067e+07,^,*,o,o,2.326741954e+07,protoearth0.91x0.455v1th45,
4.260434335e+00,1.345286592e+00,4.728659999e+00,9.101278849e-01,4.549948446e-01,4.064147852e+00,2.473883293e+00,2.000000000e+00,1.822390541e+07,^,*,o,o,3.077116234e+07,protoearth0.91x0.455v1.15th45,
4.680150236e+00,1.352660289e+00,5.032925079e+00,9.101278849e-01,4.549948446e-01,4.196018164e+00,2.473883293e+00,1.000000000e+00,2.398814718e+07,s,*,o,o,7.642001269e+07,protoearth0.91x0.455v1th60,
4.426065254e+00,1.334818880e+00,5.285044606e+00,9.101278849e-01,4.549948446e-01,4.106590705e+00,2.473883293e+00,2.000000000e+00,2.644693226e+07,s,*,o,o,8.425306399e+07,protoearth0.91x0.455v1.05th60,
4.530130919e+00,1.333940961e+00,5.614232003e+00,9.101278849e-01,4.549948446e-01,4.125565534e+00,2.473883293e+00,2.000000000e+00,8.480070613e+07,p,*,o,o,9.430502095e+08,protoearth0.91x0.455v1th75,
4.589554304e+00,1.333009026e+00,5.754414380e+00,9.101278849e-01,4.549948446e-01,4.114837449e+00,2.473883293e+00,1.000000000e+00,8.909374188e+07,p,*,o,o,9.907921264e+08,protoearth0.91x0.455v1.025th75,
4.356691288e+00,1.322190061e+00,5.894670550e+00,9.101278849e-01,4.549948446e-01,4.073161792e+00,2.473883293e+00,2.000000000e+00,9.349277851e+07,p,*,o,o,1.039712856e+09,protoearth0.91x0.455v1.05th75,
4.857300328e+00,1.932622651e+00,5.221845652e+00,1.298940670e+00,6.504534800e-01,7.887241657e+00,4.395675882e+00,1.000000000e+00,1.492605426e+07,*,^,o,o,1.798548814e+07,superearth1.3x0.65v1th30,
5.889462481e+00,1.931243040e+00,6.005319992e+00,1.298940670e+00,6.504534800e-01,7.470808686e+00,4.395675882e+00,1.000000000e+00,1.973970676e+07,*,^,o,o,2.378580807e+07,superearth1.3x0.65v1.15th30,
7.248640797e+00,1.941482807e+00,7.388631756e+00,1.298940670e+00,6.504534800e-01,7.523323132e+00,4.395675882e+00,0.000000000e+00,1.785425722e+07,^,^,o,o,3.019925946e+07,superearth1.3x0.65v1th45,
8.545306043e+00,1.934823248e+00,9.045900563e+00,1.298940670e+00,6.504534800e-01,7.429265587e+00,4.395675882e+00,0.000000000e+00,3.110123973e+07,s,^,o,o,9.928314464e+07,superearth1.3x0.65v1th60,
7.589996215e-04,1.326805099e-02,7.755225743e-04,1.000728376e-02,3.332837352e-03,2.607905838e-03,1.518582458e-03,0.000000000e+00,3.563252106e+05,x,o,P,o,3.704984418e+05,moon.01x.003v1th20,
8.395619566e-04,1.316595699e-02,8.918724952e-04,1.000728376e-02,3.332837352e-03,2.571567268e-03,1.518582458e-03,0.000000000e+00,4.712400910e+05,x,o,P,o,4.899841892e+05,moon.01x.003v1.15th20,
1.112567704e-03,1.328290935e-02,1.134037718e-03,1.000728376e-02,3.332837352e-03,2.566419851e-03,1.518582458e-03,0.000000000e+00,3.453092743e+05,*,o,P,o,4.030047026e+05,moon.01x.003v1th30,
1.220487060e-03,1.317995002e-02,1.304222669e-03,1.000728376e-02,3.332837352e-03,2.531194435e-03,1.518582458e-03,0.000000000e+00,4.566715152e+05,*,o,P,o,5.329737192e+05,moon.01x.003v1.15th30,
1.595002945e-03,1.331149011e-02,1.603776734e-03,1.000728376e-02,3.332837352e-03,2.477545977e-03,1.518582458e-03,0.000000000e+00,4.129658868e+05,^,o,P,o,6.764725762e+05,moon.01x.003v1th45,
1.689324514e-03,1.312884132e-02,1.978761489e-03,1.000728376e-02,3.332837352e-03,2.437045717e-03,1.518582458e-03,0.000000000e+00,7.205044050e+05,s,o,P,o,2.229164332e+06,moon.01x.003v1th60,
1.548764020e-03,1.288551662e-02,2.266326788e-03,1.000728376e-02,3.332837352e-03,2.404451065e-03,1.518582458e-03,0.000000000e+00,2.669188142e+06,p,o,P,o,2.879276039e+07,moon.01x.003v1.025th75,
1.647317445e-03,1.293847716e-02,2.300043814e-03,1.000728376e-02,3.332837352e-03,2.145614517e-03,1.518582458e-03,0.000000000e+00,2.800980298e+06,p,o,P,o,3.021441364e+07,moon.01x.003v1.05th75,
3.496057129e-02,1.327614160e-01,3.563172905e-02,1.000679067e-01,3.332227848e-02,1.094928637e-01,6.787664906e-02,0.000000000e+00,1.697053753e+06,x,P,P,o,1.768626048e+06,mars0.1x.03v1th20,
3.858093665e-02,1.317484458e-01,4.112690039e-02,1.000679067e-01,3.332227848e-02,1.086033895e-01,6.787664906e-02,0.000000000e+00,2.244353589e+06,x,P,P,o,2.339007948e+06,mars0.1x.03v1.15th20,
5.095554248e-02,1.328224439e-01,5.209326062e-02,1.000679067e-01,3.332227848e-02,1.094901395e-01,6.787664906e-02,0.000000000e+00,1.649651835e+06,*,P,P,o,1.932541708e+06,mars0.1x.03v1th30,
5.593767332e-02,1.318154380e-01,5.988550456e-02,1.000679067e-01,3.332227848e-02,1.076654188e-01,6.787664906e-02,0.000000000e+00,2.181664552e+06,*,P,P,o,2.555786409e+06,mars0.1x.03v1.15th30,
7.265061224e-02,1.330284663e-01,7.363015742e-02,1.000679067e-01,3.332227848e-02,1.065920720e-01,6.787664906e-02,0.000000000e+00,1.979505503e+06,^,P,P,o,3.260019665e+06,mars0.1x.03v1th45,
7.717715658e-02,1.312035902e-01,9.017325545e-02,1.000679067e-01,3.332227848e-02,1.008823196e-01,6.787664906e-02,0.000000000e+00,3.461123286e+06,s,P,P,o,1.077694095e+07,mars0.1x.03v1th60,
6.707677575e-02,1.286915046e-01,1.006803331e-01,1.000679067e-01,3.332227848e-02,1.011029460e-01,6.787664906e-02,0.000000000e+00,1.221619490e+07,p,P,P,o,1.326827581e+08,mars0.1x.03v1th75,
6.107878129e-02,1.273815124e-01,1.031885682e-01,1.000679067e-01,3.332227848e-02,9.947953974e-02,6.787664906e-02,0.000000000e+00,1.283463977e+07,p,P,P,o,1.393998227e+08,mars0.1x.03v1.025th75,
5.035834228e-01,6.642163929e-01,5.107135980e-01,5.004180782e-01,1.667216668e-01,1.464377358e+00,9.385968191e-01,1.000000000e+00,5.205203548e+06,x,x,P,o,5.444321882e+06,halfearth0.5x0.17v1th20,
5.606231107e-01,6.605234911e-01,5.873958938e-01,5.004180782e-01,1.667216668e-01,1.426566257e+00,9.385968191e-01,1.000000000e+00,6.883881692e+06,x,x,P,o,7.200115689e+06,halfearth0.5x0.17v1.15th20,
7.242760203e-01,6.641882934e-01,7.466663477e-01,5.004180782e-01,1.667216668e-01,1.457036517e+00,9.385968191e-01,1.000000000e+00,5.083001645e+06,*,x,P,o,5.989157889e+06,halfearth0.5x0.17v1th30,
8.320601255e-01,6.617077605e-01,8.590935630e-01,5.004180782e-01,1.667216668e-01,1.409300585e+00,9.385968191e-01,1.000000000e+00,6.722269675e+06,*,x,P,o,7.920661308e+06,halfearth0.5x0.17v1.15th30,
1.032301495e+00,6.653431612e-01,1.055841749e+00,5.004180782e-01,1.667216668e-01,1.404614406e+00,9.385968191e-01,2.000000000e+00,6.129932270e+06,^,x,P,o,1.017792724e+07,halfearth0.5x0.17v1th45,
1.049561778e+00,6.555959316e-01,1.215842420e+00,5.004180782e-01,1.667216668e-01,1.332743766e+00,9.385968191e-01,2.000000000e+00,8.106835427e+06,^,x,P,o,1.346030878e+07,halfearth0.5x0.17v1.15th45,
9.801928791e-01,6.511826356e-01,1.293083024e+00,5.004180782e-01,1.667216668e-01,1.369660036e+00,9.385968191e-01,1.000000000e+00,1.075251805e+07,s,x,P,o,3.380578260e+07,halfearth0.5x0.17v1th60,
8.809823256e-01,6.396427496e-01,1.444850981e+00,5.004180782e-01,1.667216668e-01,1.332230706e+00,9.385968191e-01,1.000000000e+00,3.800684319e+07,p,x,P,o,4.171029540e+08,halfearth0.5x0.17v1th75,
9.802763079e-01,6.453958107e-01,1.478328463e+00,5.004180782e-01,1.667216668e-01,1.338154650e+00,9.385968191e-01,1.000000000e+00,3.993093963e+07,p,x,P,o,4.382187911e+08,halfearth0.5x0.17v1.025th75,
1.349194694e+00,1.208662637e+00,1.369403025e+00,9.101278849e-01,3.034080956e-01,3.821657743e+00,2.473883293e+00,1.000000000e+00,7.967697378e+06,x,*,P,o,8.348746534e+06,protoearth0.91x0.3v1th20,
1.509361617e+00,1.202417661e+00,1.574816450e+00,9.101278849e-01,3.034080956e-01,3.714759004e+00,2.473883293e+00,1.000000000e+00,1.053727978e+07,x,*,P,o,1.104121729e+07,protoearth0.91x0.3v1.15th20,
1.928044225e+00,1.207524456e+00,2.002679694e+00,9.101278849e-01,3.034080956e-01,3.748664341e+00,2.473883293e+00,1.000000000e+00,7.797650011e+06,*,*,P,o,9.213870356e+06,protoearth0.91x0.3v1th30,
2.224133212e+00,1.203863054e+00,2.303079034e+00,9.101278849e-01,3.034080956e-01,3.661970087e+00,2.473883293e+00,1.000000000e+00,1.031239214e+07,*,*,P,o,1.218534355e+07,protoearth0.91x0.3v1.15th30,
2.725546705e+00,1.209362744e+00,2.831625468e+00,9.101278849e-01,3.034080956e-01,3.703338768e+00,2.473883293e+00,1.000000000e+00,9.426180901e+06,^,*,P,o,1.571320117e+07,protoearth0.91x0.3v1th45,
2.981255346e+00,1.199647692e+00,3.258716791e+00,9.101278849e-01,3.034080956e-01,3.419025604e+00,2.473883293e+00,2.000000000e+00,1.246612424e+07,^,*,P,o,2.078070854e+07,protoearth0.91x0.3v1.15th45,
3.217959330e+00,1.205041812e+00,3.468188125e+00,9.101278849e-01,3.034080956e-01,3.584008258e+00,2.473883293e+00,1.000000000e+00,1.655980063e+07,s,*,P,o,5.230906368e+07,protoearth0.91x0.3v1th60,
2.236356475e+00,1.156434011e+00,3.867408358e+00,9.101278849e-01,3.034080956e-01,3.467888902e+00,2.473883293e+00,1.000000000e+00,5.857465048e+07,p,*,P,o,6.460648568e+08,protoearth0.91x0.3v1th75,
2.505505832e+00,1.166860205e+00,3.964094959e+00,9.101278849e-01,3.034080956e-01,3.496263647e+00,2.473883293e+00,2.000000000e+00,6.153999216e+07,p,*,P,o,6.787718902e+08,protoearth0.91x0.3v1.025th75,
3.561016221e+00,1.724614069e+00,3.597518735e+00,1.298940670e+00,4.334473000e-01,6.642376876e+00,4.395675882e+00,1.000000000e+00,1.009523995e+07,*,^,P,o,1.195261212e+07,superearth1.3x0.43v1th30,
4.013396229e+00,1.718978280e+00,4.137551996e+00,1.298940670e+00,4.334473000e-01,6.431036459e+00,4.395675882e+00,1.000000000e+00,1.335095483e+07,*,^,P,o,1.580732952e+07,superearth1.3x0.43v1.15th30,
5.049785440e+00,1.728097693e+00,5.088429227e+00,1.298940670e+00,4.334473000e-01,6.560092650e+00,4.395675882e+00,1.000000000e+00,1.222352051e+07,^,^,P,o,2.043285959e+07,superearth1.3x0.43v1th45,
5.368396043e+00,1.710224874e+00,6.232004111e+00,1.298940670e+00,4.334473000e-01,6.228509613e+00,4.395675882e+00,2.000000000e+00,2.149653103e+07,s,^,P,o,6.812542452e+07,superearth1.3x0.43v1th60,
3.840426379e-04,1.162896554e-02,3.968361151e-04,1.000728376e-02,1.667078114e-03,2.102690855e-03,1.518582458e-03,0.000000000e+00,1.818628854e+05,x,o,x,o,1.831110982e+05,moon.01x.0017v1th20,
4.165625378e-04,1.156374268e-02,4.563622310e-04,1.000728376e-02,1.667078114e-03,2.081390169e-03,1.518582458e-03,0.000000000e+00,2.405136660e+05,x,o,x,o,2.421644273e+05,moon.01x.0017v1.15th20,
5.619284916e-04,1.162336167e-02,5.801435006e-04,1.000728376e-02,1.667078114e-03,2.108108480e-03,1.518582458e-03,0.000000000e+00,1.679622743e+05,*,o,x,o,1.855323783e+05,moon.01x.0017v1th30,
6.010971286e-04,1.154027407e-02,6.671977939e-04,1.000728376e-02,1.667078114e-03,2.073680497e-03,1.518582458e-03,0.000000000e+00,2.221301078e+05,*,o,x,o,2.453665702e+05,moon.01x.0017v1.15th30,
7.265525364e-04,1.156900475e-02,8.207593111e-04,1.000728376e-02,1.667078114e-03,2.059877774e-03,1.518582458e-03,0.000000000e+00,1.972348580e+05,^,o,x,o,3.031496897e+05,moon.01x.0017v1th45,
7.939293327e-04,1.150803285e-02,9.435528806e-04,1.000728376e-02,1.667078114e-03,2.026309914e-03,1.518582458e-03,0.000000000e+00,2.608430998e+05,^,o,x,o,4.009154646e+05,moon.01x.0017v1.15th45,
8.134923068e-04,1.150819773e-02,1.005035509e-03,1.000728376e-02,1.667078114e-03,2.017095170e-03,1.518582458e-03,0.000000000e+00,3.424159093e+05,s,o,x,o,9.916867806e+05,moon.01x.0017v1th60,
7.647069810e-04,1.142492608e-02,1.121841078e-03,1.000728376e-02,1.667078114e-03,1.961166705e-03,1.518582458e-03,0.000000000e+00,1.199137624e+06,p,o,x,o,1.206904545e+07,moon.01x.0017v1th75,
2.578525651e-02,1.162516277e-01,2.668685289e-02,1.000679067e-01,1.668026596e-02,8.843973599e-02,6.787664906e-02,0.000000000e+00,8.047878749e+05,*,P,x,o,8.937909388e+05,mars0.1x.017v1th30,
2.706431486e-02,1.152161931e-01,3.069129164e-02,1.000679067e-01,1.668026596e-02,8.713630912e-02,6.787664906e-02,0.000000000e+00,1.064331965e+06,*,P,x,o,1.182038517e+06,mars0.1x.017v1.15th30,
3.430532742e-02,1.158620864e-01,3.774029931e-02,1.000679067e-01,1.668026596e-02,8.724825993e-02,6.787664906e-02,0.000000000e+00,9.507625461e+05,^,P,x,o,1.473451919e+06,mars0.1x.017v1th45,
3.677743555e-02,1.150308426e-01,4.622079090e-02,1.000679067e-01,1.668026596e-02,8.407697047e-02,6.787664906e-02,0.000000000e+00,1.656159563e+06,s,P,x,o,4.844027965e+06,mars0.1x.017v1th60,
3.685036210e-01,5.811641112e-01,3.827061885e-01,5.004180782e-01,8.336844585e-02,1.189388990e+00,9.385968191e-01,1.000000000e+00,2.486408029e+06,*,x,x,o,2.785122929e+06,halfearth0.5x.08v1th30,
3.803898579e-01,5.752061169e-01,4.401606436e-01,5.004180782e-01,8.336844585e-02,1.158833633e+00,9.385968191e-01,1.000000000e+00,3.288274618e+06,*,x,x,o,3.683325073e+06,halfearth0.5x.08v1.15th30,
5.158766801e-01,5.810846716e-01,5.413075166e-01,5.004180782e-01,8.336844585e-02,1.178078870e+00,9.385968191e-01,2.000000000e+00,2.964467263e+06,^,x,x,o,4.653934080e+06,halfearth0.5x.08v1th45,
5.354333823e-01,5.756985973e-01,6.629185416e-01,5.004180782e-01,8.336844585e-02,1.131584728e+00,9.385968191e-01,0.000000000e+00,5.190571802e+06,s,x,x,o,1.541674145e+07,halfearth0.5x.08v1th60,
5.383007140e-01,5.732083588e-01,7.394704587e-01,5.004180782e-01,8.336844585e-02,1.095979551e+00,9.385968191e-01,0.000000000e+00,1.824810321e+07,p,x,x,o,1.887034968e+08,halfearth0.5x.08v1th75,
9.987653573e-01,1.057730670e+00,1.027594965e+00,9.101278849e-01,1.517723913e-01,3.119124411e+00,2.473883293e+00,1.000000000e+00,3.823132446e+06,*,*,x,o,4.300985088e+06,protoearth0.91x0.15v1th30,
1.040319453e+00,1.047848348e+00,1.181926892e+00,9.101278849e-01,1.517723913e-01,3.058785010e+00,2.473883293e+00,1.000000000e+00,5.056092660e+06,*,*,x,o,5.688052778e+06,protoearth0.91x0.15v1.15th30,
1.409703681e+00,1.057974095e+00,1.452551882e+00,9.101278849e-01,1.517723913e-01,3.043009408e+00,2.473883293e+00,1.000000000e+00,4.578245931e+06,^,*,x,o,7.233599015e+06,protoearth0.91x0.15v1th45,
1.338256839e+00,1.042096947e+00,1.779189469e+00,9.101278849e-01,1.517723913e-01,2.935154066e+00,2.473883293e+00,2.000000000e+00,8.035975766e+06,s,*,x,o,2.404952217e+07,protoearth0.91x0.15v1th60,
1.793662346e+00,1.509338638e+00,1.845620178e+00,1.298940670e+00,2.166383300e-01,5.504265230e+00,4.395675882e+00,1.000000000e+00,4.951885741e+06,*,^,x,o,5.587109019e+06,superearth1.3x0.22v1th30,
1.832160921e+00,1.492312114e+00,2.122659903e+00,1.298940670e+00,2.166383300e-01,5.391546904e+00,4.395675882e+00,1.000000000e+00,6.548868893e+06,*,^,x,o,7.388951678e+06,superearth1.3x0.22v1.15th30,
2.507338996e+00,1.508707685e+00,2.608701430e+00,1.298940670e+00,2.166383300e-01,5.396034136e+00,4.395675882e+00,1.000000000e+00,5.947279777e+06,^,^,x,o,9.437216310e+06,superearth1.3x0.22v1th45,
2.404801744e+00,1.488160440e+00,3.195538991e+00,1.298940670e+00,2.166383300e-01,5.213327647e+00,4.395675882e+00,2.000000000e+00,1.045620668e+07,s,^,x,o,3.145230350e+07,superearth1.3x0.22v1th60,
